{"main":"american-flights-api.raml","name":"American Flights API clone","description":null,"classifier":"raml","tags":[],"projectId":"5737308a-fc6f-43fe-93bd-9ec5cb1d6c98","dependencies":[{"groupId":"68ef9520-24e9-4cf2-b2f5-620025690913","assetId":"training-american-flight-data-type","version":"1.0.1"},{"groupId":"68ef9520-24e9-4cf2-b2f5-620025690913","assetId":"training-american-flights-example","version":"1.0.1"}],"groupId":"7170f199-1150-42b6-a1a7-262d9889f83f","assetId":"american-flights-api-clone","version":"1.0.1","apiVersion":"v1","originalFormatVersion":"1.0","metadata":{"projectId":"5737308a-fc6f-43fe-93bd-9ec5cb1d6c98","branchId":"master","commitId":"1b22df92124980411da7bd103188abf4e0ff9356"}}